module	Elixir.Inspect.HashDict
instset	0
opcode_max_header	181
walk	ok
op	1	label/1	24
op	2	func_info/3	7
op	3	int_code_end/0	1
op	6	call_only/2	2
op	7	call_ext/2	2
op	8	call_ext_last/3	1
op	12	allocate/2	1
op	16	test_heap/2	1
op	19	return/0	7
op	59	select_val/3	2
op	61	jump/1	2
op	64	move/2	14
op	69	put_list/3	2
op	78	call_ext_only/2	3
op	136	trim/2	1
op	153	line/1	8
impt	Elixir.Inspect.Algebra:concat/1
impt	Elixir.Inspect.List:inspect/2
impt	HashDict:to_list/1
impt	erlang:get_module_info/1
impt	erlang:get_module_info/2
disasm	ok
callext	Elixir.Inspect.Algebra:concat/1	1
callext	Elixir.Inspect.List:inspect/2	1
callext	HashDict:to_list/1	1
callext	erlang:get_module_info/1	1
callext	erlang:get_module_info/2	2
