module	Elixir.Inspect.Integer
instset	0
opcode_max_header	182
walk	ok
op	1	label/1	40
op	2	func_info/3	9
op	3	int_code_end/0	1
op	4	call/2	3
op	6	call_only/2	2
op	7	call_ext/2	1
op	8	call_ext_last/3	1
op	12	allocate/2	2
op	18	deallocate/1	1
op	19	return/0	14
op	43	is_eq_exact/3	2
op	59	select_val/3	4
op	61	jump/1	4
op	64	move/2	30
op	74	case_end/1	2
op	78	call_ext_only/2	3
op	136	trim/2	2
op	153	line/1	15
op	156	is_map/2	1
op	158	get_map_elements/3	1
op	166	bs_start_match3/4	1
op	177	bs_create_bin/6	2
op	182	bs_match/3	1
impt	Elixir.Inspect.Algebra:color_doc/3
impt	erlang:get_module_info/1
impt	erlang:get_module_info/2
impt	erlang:integer_to_binary/2
disasm	ok
callext	Elixir.Inspect.Algebra:color_doc/3	1
callext	erlang:get_module_info/1	1
callext	erlang:get_module_info/2	2
callext	erlang:integer_to_binary/2	1
