module	Elixir.Inspect.Tuple
instset	0
opcode_max_header	181
walk	ok
op	1	label/1	24
op	2	func_info/3	7
op	3	int_code_end/0	1
op	6	call_only/2	2
op	7	call_ext/2	4
op	8	call_ext_last/3	1
op	12	allocate/2	1
op	16	test_heap/2	1
op	19	return/0	7
op	59	select_val/3	2
op	61	jump/1	2
op	64	move/2	31
op	69	put_list/3	1
op	78	call_ext_only/2	3
op	153	line/1	12
op	164	put_tuple2/2	1
op	169	swap/2	1
op	172	init_yregs/1	1
impt	Elixir.Inspect.Algebra:color_doc/3
impt	Elixir.Inspect.Algebra:container_doc_with_opts/6
impt	erlang:get_module_info/1
impt	erlang:get_module_info/2
impt	erlang:tuple_to_list/1
disasm	ok
callext	Elixir.Inspect.Algebra:color_doc/3	3
callext	Elixir.Inspect.Algebra:container_doc_with_opts/6	1
callext	erlang:get_module_info/1	1
callext	erlang:get_module_info/2	2
callext	erlang:tuple_to_list/1	1
