module	Elixir.Inspect.Stream
instset	0
opcode_max_header	181
walk	ok
op	1	label/1	25
op	2	func_info/3	7
op	3	int_code_end/0	1
op	6	call_only/2	2
op	7	call_ext/2	3
op	12	allocate/2	1
op	16	test_heap/2	3
op	18	deallocate/1	1
op	19	return/0	8
op	57	is_tuple/2	1
op	58	test_arity/3	1
op	59	select_val/3	2
op	61	jump/1	2
op	64	move/2	16
op	66	get_tuple_element/3	2
op	69	put_list/3	4
op	72	badmatch/1	1
op	78	call_ext_only/2	3
op	136	trim/2	1
op	153	line/1	11
op	156	is_map/2	1
op	158	get_map_elements/3	1
op	164	put_tuple2/2	3
op	172	init_yregs/1	1
impt	Elixir.Inspect.Algebra:concat/1
impt	Elixir.Inspect.Algebra:to_doc_with_opts/2
impt	erlang:get_module_info/1
impt	erlang:get_module_info/2
impt	lists:reverse/1
disasm	ok
callext	Elixir.Inspect.Algebra:concat/1	1
callext	Elixir.Inspect.Algebra:to_doc_with_opts/2	1
callext	erlang:get_module_info/1	1
callext	erlang:get_module_info/2	2
callext	lists:reverse/1	1
