module	Elixir.Code
instset	0
opcode_max_header	181
walk	ok
op	1	label/1	338
op	2	func_info/3	112
op	3	int_code_end/0	1
op	4	call/2	34
op	5	call_last/3	11
op	6	call_only/2	33
op	7	call_ext/2	148
op	8	call_ext_last/3	21
op	9	bif0/2	1
op	10	bif1/4	4
op	11	bif2/5	6
op	12	allocate/2	47
op	13	allocate_heap/3	6
op	16	test_heap/2	47
op	18	deallocate/1	54
op	19	return/0	78
op	39	is_lt/3	1
op	43	is_eq_exact/3	25
op	44	is_ne_exact/3	3
op	48	is_atom/2	5
op	52	is_nil/2	3
op	53	is_binary/2	9
op	55	is_list/2	19
op	56	is_nonempty_list/2	5
op	57	is_tuple/2	22
op	58	test_arity/3	18
op	59	select_val/3	19
op	60	select_tuple_arity/3	2
op	61	jump/1	9
op	64	move/2	400
op	65	get_list/3	3
op	66	get_tuple_element/3	60
op	69	put_list/3	39
op	72	badmatch/1	6
op	74	case_end/1	12
op	75	call_fun/1	1
op	78	call_ext_only/2	20
op	104	try/2	4
op	105	try_end/1	4
op	106	try_case/1	4
op	108	raise/2	3
op	114	is_boolean/2	2
op	125	gc_bif2/6	3
op	136	trim/2	27
op	153	line/1	288
op	154	put_map_assoc/5	1
op	156	is_map/2	5
op	158	get_map_elements/3	5
op	159	is_tagged_tuple/4	6
op	161	raw_raise/0	1
op	162	get_hd/2	2
op	164	put_tuple2/2	29
op	169	swap/2	16
op	171	make_fun3/3	20
op	172	init_yregs/1	39
op	177	bs_create_bin/6	16
impt	Elixir.Access:get/2
impt	Elixir.ArgumentError:exception/1
impt	Elixir.Code.Formatter:to_algebra/2
impt	Elixir.Code.Fragment:cursor_context/2
impt	Elixir.Code.LoadError:exception/1
impt	Elixir.Code.Normalizer:normalize/2
impt	Elixir.Enum:all?/2
impt	Elixir.Enum:map/2
impt	Elixir.Enum:map_join/3
impt	Elixir.Enum:reduce/3
impt	Elixir.Enum:reverse/1
impt	Elixir.Enum:sort/1
impt	Elixir.File:read/1
impt	Elixir.File:read!/1
impt	Elixir.IO:warn/1
impt	Elixir.IO:warn_once/3
impt	Elixir.Inspect.Algebra:format/2
impt	Elixir.Kernel:inspect/1
impt	Elixir.Kernel.ErrorHandler:ensure_compiled/4
impt	Elixir.Keyword:fetch/2
impt	Elixir.Keyword:get/3
impt	Elixir.Keyword:keyword?/1
impt	Elixir.Keyword:pop/3
impt	Elixir.List:to_string/1
impt	Elixir.List.Chars:to_charlist/1
impt	Elixir.Module.ParallelChecker:verify/1
impt	Elixir.Path:expand/1
impt	Elixir.Path:expand/2
impt	Elixir.Path:join/1
impt	Elixir.Process:delete/1
impt	Elixir.Process:get/1
impt	Elixir.Process:put/2
impt	Elixir.RuntimeError:exception/1
impt	Elixir.String:to_charlist/1
impt	Elixir.String.Chars:to_string/1
impt	beam_lib:chunks/2
impt	beam_lib:info/1
impt	code:del_path/1
impt	code:ensure_loaded/1
impt	code:ensure_modules_loaded/1
impt	code:get_object_code/1
impt	code:is_loaded/1
impt	code:lib_dir/1
impt	elixir:env_for_eval/1
impt	elixir:string_to_quoted/5
impt	elixir:string_to_quoted!/5
impt	elixir_code_server:call/1
impt	elixir_code_server:cast/1
impt	elixir_compiler:quoted/3
impt	elixir_compiler:string/3
impt	elixir_config:get/1
impt	elixir_config:put/2
impt	elixir_errors:parse_error/5
impt	elixir_errors:print_diagnostic/2
impt	erlang:+/2
impt	erlang:-/2
impt	erlang:=:=/2
impt	erlang:apply/3
impt	erlang:binary_to_term/1
impt	erlang:erase/1
impt	erlang:error/1
impt	erlang:error/3
impt	erlang:function_exported/3
impt	erlang:get/1
impt	erlang:get_module_info/1
impt	erlang:get_module_info/2
impt	erlang:min/2
impt	erlang:module_loaded/1
impt	erlang:not/1
impt	erlang:process_info/2
impt	erlang:put/2
impt	erlang:self/0
impt	lists:reverse/1
impt	maps:from_list/1
disasm	ok
callext	Elixir.Access:get/2	1
callext	Elixir.ArgumentError:exception/1	5
callext	Elixir.Code.Formatter:to_algebra/2	2
callext	Elixir.Code.Fragment:cursor_context/2	1
callext	Elixir.Code.LoadError:exception/1	1
callext	Elixir.Code.Normalizer:normalize/2	1
callext	Elixir.Enum:all?/2	2
callext	Elixir.Enum:map/2	3
callext	Elixir.Enum:map_join/3	1
callext	Elixir.Enum:reduce/3	2
callext	Elixir.Enum:reverse/1	2
callext	Elixir.Enum:sort/1	1
callext	Elixir.File:read/1	2
callext	Elixir.File:read!/1	1
callext	Elixir.IO:warn/1	2
callext	Elixir.IO:warn_once/3	1
callext	Elixir.Inspect.Algebra:format/2	1
callext	Elixir.Kernel:inspect/1	20
callext	Elixir.Kernel.ErrorHandler:ensure_compiled/4	1
callext	Elixir.Keyword:fetch/2	1
callext	Elixir.Keyword:get/3	15
callext	Elixir.Keyword:keyword?/1	1
callext	Elixir.Keyword:pop/3	1
callext	Elixir.List:to_string/1	1
callext	Elixir.List.Chars:to_charlist/1	12
callext	Elixir.Module.ParallelChecker:verify/1	6
callext	Elixir.Path:expand/1	7
callext	Elixir.Path:expand/2	2
callext	Elixir.Path:join/1	3
callext	Elixir.Process:delete/1	2
callext	Elixir.Process:get/1	2
callext	Elixir.Process:put/2	2
callext	Elixir.RuntimeError:exception/1	8
callext	Elixir.String:to_charlist/1	2
callext	Elixir.String.Chars:to_string/1	2
callext	beam_lib:chunks/2	1
callext	beam_lib:info/1	1
callext	code:del_path/1	2
callext	code:ensure_loaded/1	2
callext	code:ensure_modules_loaded/1	1
callext	code:get_object_code/1	1
callext	code:is_loaded/1	1
callext	code:lib_dir/1	1
callext	elixir:env_for_eval/1	1
callext	elixir:string_to_quoted/5	2
callext	elixir:string_to_quoted!/5	2
callext	elixir_code_server:call/1	5
callext	elixir_code_server:cast/1	3
callext	elixir_compiler:quoted/3	1
callext	elixir_compiler:string/3	4
callext	elixir_config:get/1	2
callext	elixir_config:put/2	6
callext	elixir_errors:parse_error/5	1
callext	elixir_errors:print_diagnostic/2	1
callext	erlang:apply/3	5
callext	erlang:binary_to_term/1	1
callext	erlang:erase/1	2
callext	erlang:error/1	6
callext	erlang:error/3	8
callext	erlang:function_exported/3	1
callext	erlang:get_module_info/1	1
callext	erlang:get_module_info/2	2
callext	erlang:module_loaded/1	1
callext	erlang:process_info/2	1
callext	erlang:put/2	3
callext	lists:reverse/1	1
callext	maps:from_list/1	2
