module	elixir_erl_clauses
instset	0
opcode_max_header	181
walk	ok
op	1	label/1	46
op	2	func_info/3	12
op	3	int_code_end/0	1
op	4	call/2	7
op	5	call_last/3	2
op	6	call_only/2	2
op	7	call_ext/2	8
op	11	bif2/5	1
op	12	allocate/2	8
op	13	allocate_heap/3	1
op	16	test_heap/2	15
op	18	deallocate/1	8
op	19	return/0	15
op	43	is_eq_exact/3	1
op	44	is_ne_exact/3	1
op	52	is_nil/2	8
op	55	is_list/2	1
op	56	is_nonempty_list/2	6
op	57	is_tuple/2	8
op	58	test_arity/3	8
op	59	select_val/3	1
op	64	move/2	58
op	65	get_list/3	6
op	66	get_tuple_element/3	23
op	69	put_list/3	7
op	72	badmatch/1	6
op	75	call_fun/1	2
op	78	call_ext_only/2	5
op	136	trim/2	3
op	153	line/1	36
op	159	is_tagged_tuple/4	6
op	164	put_tuple2/2	9
op	169	swap/2	10
op	171	make_fun3/3	1
op	172	init_yregs/1	5
op	180	badrecord/1	3
op	181	update_record/5	4
impt	elixir_erl:get_ann/1
impt	elixir_erl_pass:translate/3
impt	elixir_utils:extract_guards/1
impt	erlang:element/2
impt	erlang:error/1
impt	erlang:get_module_info/1
impt	erlang:get_module_info/2
impt	lists:keyfind/3
impt	lists:mapfoldl/3
disasm	ok
callext	elixir_erl:get_ann/1	2
callext	elixir_erl_pass:translate/3	4
callext	elixir_utils:extract_guards/1	1
callext	erlang:error/1	2
callext	erlang:get_module_info/1	1
callext	erlang:get_module_info/2	1
callext	lists:keyfind/3	1
callext	lists:mapfoldl/3	1
