module	Elixir.FunctionClauseError
instset	0
opcode_max_header	181
walk	ok
op	1	label/1	97
op	2	func_info/3	23
op	3	int_code_end/0	1
op	4	call/2	10
op	6	call_only/2	4
op	7	call_ext/2	25
op	8	call_ext_last/3	1
op	12	allocate/2	12
op	16	test_heap/2	9
op	18	deallocate/1	13
op	19	return/0	26
op	39	is_lt/3	1
op	40	is_ge/3	1
op	41	is_eq/3	1
op	43	is_eq_exact/3	7
op	48	is_atom/2	1
op	52	is_nil/2	2
op	53	is_binary/2	11
op	55	is_list/2	1
op	56	is_nonempty_list/2	3
op	57	is_tuple/2	7
op	58	test_arity/3	6
op	59	select_val/3	2
op	61	jump/1	17
op	64	move/2	125
op	65	get_list/3	3
op	66	get_tuple_element/3	15
op	69	put_list/3	10
op	72	badmatch/1	1
op	74	case_end/1	2
op	75	call_fun/1	3
op	78	call_ext_only/2	8
op	124	gc_bif1/5	4
op	125	gc_bif2/6	1
op	136	trim/2	3
op	153	line/1	58
op	155	put_map_exact/5	3
op	156	is_map/2	5
op	158	get_map_elements/3	6
op	159	is_tagged_tuple/4	1
op	164	put_tuple2/2	4
op	169	swap/2	2
op	171	make_fun3/3	5
op	172	init_yregs/1	21
op	177	bs_create_bin/6	10
impt	Elixir.Code.Identifier:binary_op/1
impt	Elixir.Enum:map/2
impt	Elixir.Enum:map_join/3
impt	Elixir.Enum:reduce/3
impt	Elixir.Enum:take/2
impt	Elixir.Enum:with_index/2
impt	Elixir.Exception:blame_mfa/3
impt	Elixir.Exception:format_mfa/3
impt	Elixir.Kernel:struct!/2
impt	Elixir.Macro:to_string/1
impt	Elixir.String:replace/3
impt	Elixir.String.Chars:to_string/1
impt	erlang:-/2
impt	erlang:error/1
impt	erlang:get_module_info/1
impt	erlang:get_module_info/2
impt	erlang:integer_to_binary/1
impt	erlang:length/1
disasm	ok
callext	Elixir.Code.Identifier:binary_op/1	1
callext	Elixir.Enum:map/2	2
callext	Elixir.Enum:map_join/3	1
callext	Elixir.Enum:reduce/3	2
callext	Elixir.Enum:take/2	1
callext	Elixir.Enum:with_index/2	1
callext	Elixir.Exception:blame_mfa/3	1
callext	Elixir.Exception:format_mfa/3	2
callext	Elixir.Kernel:struct!/2	1
callext	Elixir.Macro:to_string/1	2
callext	Elixir.String:replace/3	1
callext	Elixir.String.Chars:to_string/1	14
callext	erlang:error/1	1
callext	erlang:get_module_info/1	1
callext	erlang:get_module_info/2	2
callext	erlang:integer_to_binary/1	1
