module	Elixir.Collectable
instset	0
opcode_max_header	181
walk	ok
op	1	label/1	54
op	2	func_info/3	11
op	3	int_code_end/0	1
op	4	call/2	2
op	6	call_only/2	3
op	7	call_ext/2	14
op	8	call_ext_last/3	1
op	12	allocate/2	14
op	16	test_heap/2	1
op	18	deallocate/1	3
op	19	return/0	15
op	45	is_integer/2	1
op	46	is_float/2	1
op	48	is_atom/2	2
op	49	is_pid/2	1
op	50	is_reference/2	1
op	51	is_port/2	1
op	55	is_list/2	1
op	57	is_tuple/2	13
op	58	test_arity/3	12
op	59	select_val/3	16
op	61	jump/1	3
op	64	move/2	35
op	66	get_tuple_element/3	13
op	69	put_list/3	2
op	74	case_end/1	1
op	77	is_function/2	1
op	78	call_ext_only/2	3
op	113	apply_last/2	1
op	129	is_bitstr/2	1
op	136	trim/2	1
op	153	line/1	13
op	156	is_map/2	2
op	158	get_map_elements/3	1
op	164	put_tuple2/2	1
impt	Elixir.Code:ensure_compiled/1
impt	Elixir.Protocol:__concat__/2
impt	Elixir.Protocol.UndefinedError:exception/1
impt	erlang:error/1
impt	erlang:get_module_info/1
impt	erlang:get_module_info/2
disasm	ok
callext	Elixir.Code:ensure_compiled/1	12
callext	Elixir.Protocol:__concat__/2	1
callext	Elixir.Protocol.UndefinedError:exception/1	1
callext	erlang:error/1	1
callext	erlang:get_module_info/1	1
callext	erlang:get_module_info/2	2
