module	elixir_config
instset	0
opcode_max_header	181
walk	ok
op	1	label/1	54
op	2	func_info/3	19
op	3	int_code_end/0	1
op	4	call/2	3
op	7	call_ext/2	12
op	8	call_ext_last/3	3
op	11	bif2/5	1
op	12	allocate/2	10
op	13	allocate_heap/3	1
op	16	test_heap/2	14
op	18	deallocate/1	14
op	19	return/0	19
op	43	is_eq_exact/3	4
op	52	is_nil/2	3
op	55	is_list/2	1
op	56	is_nonempty_list/2	3
op	57	is_tuple/2	4
op	58	test_arity/3	3
op	59	select_val/3	1
op	60	select_tuple_arity/3	1
op	64	move/2	64
op	65	get_list/3	2
op	66	get_tuple_element/3	10
op	72	badmatch/1	2
op	75	call_fun/1	2
op	78	call_ext_only/2	8
op	104	try/2	1
op	105	try_end/1	1
op	106	try_case/1	1
op	107	try_case_end/1	1
op	124	gc_bif1/5	1
op	136	trim/2	4
op	153	line/1	43
op	156	is_map/2	3
op	158	get_map_elements/3	2
op	162	get_hd/2	1
op	164	put_tuple2/2	17
op	172	init_yregs/1	1
impt	erlang:=:=/2
impt	erlang:error/1
impt	erlang:get_module_info/1
impt	erlang:get_module_info/2
impt	erlang:length/1
impt	ets:delete/1
impt	ets:insert/2
impt	ets:insert_new/2
impt	ets:lookup/2
impt	ets:new/2
impt	ets:update_counter/4
impt	gen_server:call/3
impt	gen_server:start_link/4
impt	maps:merge/2
impt	persistent_term:get/2
impt	persistent_term:put/2
disasm	ok
callext	erlang:error/1	2
callext	erlang:get_module_info/1	1
callext	erlang:get_module_info/2	1
callext	ets:delete/1	1
callext	ets:insert/2	3
callext	ets:insert_new/2	1
callext	ets:lookup/2	2
callext	ets:new/2	1
callext	ets:update_counter/4	1
callext	gen_server:call/3	4
callext	gen_server:start_link/4	1
callext	maps:merge/2	1
callext	persistent_term:get/2	3
callext	persistent_term:put/2	1
