module	Elixir.String.Chars.DateTime
instset	0
opcode_max_header	181
walk	ok
op	1	label/1	25
op	2	func_info/3	7
op	3	int_code_end/0	1
op	6	call_only/2	2
op	12	allocate/2	1
op	19	return/0	7
op	59	select_val/3	2
op	61	jump/1	2
op	64	move/2	23
op	72	badmatch/1	1
op	78	call_ext_only/2	3
op	113	apply_last/2	1
op	153	line/1	9
op	156	is_map/2	1
op	158	get_map_elements/3	1
impt	erlang:get_module_info/1
impt	erlang:get_module_info/2
disasm	ok
callext	erlang:get_module_info/1	1
callext	erlang:get_module_info/2	2
