module	Elixir.MismatchedDelimiterError
instset	0
opcode_max_header	181
walk	ok
op	1	label/1	33
op	2	func_info/3	11
op	3	int_code_end/0	1
op	5	call_last/3	1
op	6	call_only/2	2
op	7	call_ext/2	6
op	12	allocate/2	1
op	13	allocate_heap/3	1
op	16	test_heap/2	2
op	18	deallocate/1	1
op	19	return/0	8
op	53	is_binary/2	1
op	55	is_list/2	1
op	57	is_tuple/2	1
op	58	test_arity/3	1
op	59	select_val/3	1
op	61	jump/1	3
op	64	move/2	40
op	66	get_tuple_element/3	2
op	78	call_ext_only/2	6
op	136	trim/2	2
op	153	line/1	18
op	155	put_map_exact/5	1
op	156	is_map/2	2
op	158	get_map_elements/3	1
op	164	put_tuple2/2	3
op	169	swap/2	1
op	171	make_fun3/3	1
op	172	init_yregs/1	2
op	177	bs_create_bin/6	2
impt	Elixir.Enum:reduce/3
impt	Elixir.Exception:format_delimiter/1
impt	Elixir.Exception:format_file_line_column/3
impt	Elixir.Exception:format_snippet/7
impt	Elixir.Kernel:struct!/2
impt	Elixir.Path:relative_to_cwd/1
impt	Elixir.String:split/2
impt	Elixir.String.Chars:to_string/1
impt	erlang:error/1
impt	erlang:get_module_info/1
impt	erlang:get_module_info/2
disasm	ok
callext	Elixir.Enum:reduce/3	1
callext	Elixir.Exception:format_delimiter/1	1
callext	Elixir.Exception:format_file_line_column/3	1
callext	Elixir.Exception:format_snippet/7	1
callext	Elixir.Kernel:struct!/2	1
callext	Elixir.Path:relative_to_cwd/1	1
callext	Elixir.String:split/2	1
callext	Elixir.String.Chars:to_string/1	1
callext	erlang:error/1	1
callext	erlang:get_module_info/1	1
callext	erlang:get_module_info/2	2
