module	Elixir.String.Chars.URI
instset	0
opcode_max_header	181
walk	ok
op	1	label/1	55
op	2	func_info/3	8
op	3	int_code_end/0	1
op	4	call/2	1
op	6	call_only/2	2
op	7	call_ext/2	5
op	8	call_ext_last/3	2
op	12	allocate/2	3
op	16	test_heap/2	9
op	18	deallocate/1	2
op	19	return/0	10
op	43	is_eq_exact/3	2
op	44	is_ne_exact/3	3
op	53	is_binary/2	1
op	59	select_val/3	11
op	61	jump/1	10
op	64	move/2	36
op	69	put_list/3	18
op	78	call_ext_only/2	3
op	152	gc_bif3/7	1
op	153	line/1	16
op	155	put_map_exact/5	1
op	156	is_map/2	1
op	158	get_map_elements/3	6
op	172	init_yregs/1	3
op	177	bs_create_bin/6	1
impt	Elixir.ArgumentError:exception/1
impt	Elixir.Kernel:inspect/1
impt	Elixir.String:contains?/2
impt	Elixir.URI:default_port/1
impt	erlang:binary_part/3
impt	erlang:error/1
impt	erlang:get_module_info/1
impt	erlang:get_module_info/2
impt	erlang:integer_to_binary/1
impt	erlang:iolist_to_binary/1
disasm	ok
callext	Elixir.ArgumentError:exception/1	1
callext	Elixir.Kernel:inspect/1	1
callext	Elixir.String:contains?/2	1
callext	Elixir.URI:default_port/1	1
callext	erlang:error/1	1
callext	erlang:get_module_info/1	1
callext	erlang:get_module_info/2	2
callext	erlang:integer_to_binary/1	1
callext	erlang:iolist_to_binary/1	1
