module	Elixir.JSON
instset	0
opcode_max_header	181
walk	ok
op	1	label/1	70
op	2	func_info/3	14
op	3	int_code_end/0	1
op	4	call/2	4
op	5	call_last/3	1
op	6	call_only/2	4
op	7	call_ext/2	14
op	8	call_ext_last/3	4
op	12	allocate/2	7
op	16	test_heap/2	7
op	18	deallocate/1	11
op	19	return/0	20
op	43	is_eq_exact/3	5
op	45	is_integer/2	1
op	46	is_float/2	1
op	48	is_atom/2	1
op	53	is_binary/2	8
op	55	is_list/2	2
op	56	is_nonempty_list/2	1
op	57	is_tuple/2	5
op	58	test_arity/3	4
op	59	select_val/3	5
op	60	select_tuple_arity/3	1
op	61	jump/1	6
op	64	move/2	48
op	66	get_tuple_element/3	13
op	69	put_list/3	9
op	74	case_end/1	1
op	75	call_fun/1	3
op	78	call_ext_only/2	9
op	104	try/2	1
op	105	try_end/1	1
op	106	try_case/1	1
op	108	raise/2	1
op	124	gc_bif1/5	3
op	125	gc_bif2/6	1
op	136	trim/2	5
op	153	line/1	39
op	156	is_map/2	3
op	157	has_map_fields/3	1
op	158	get_map_elements/3	2
op	160	build_stacktrace/0	2
op	162	get_hd/2	1
op	164	put_tuple2/2	18
op	171	make_fun3/3	2
op	172	init_yregs/1	5
op	177	bs_create_bin/6	3
impt	Elixir.Access:get/2
impt	Elixir.JSON.DecodeError:exception/1
impt	Elixir.JSON.Encoder:encode/2
impt	Elixir.JSON.Encoder.Map:encode/2
impt	Elixir.Kernel:inspect/1
impt	Elixir.Keyword:put_new/3
impt	Elixir.Map:new/1
impt	Elixir.String.Chars:to_string/1
impt	binary:at/2
impt	erlang:-/2
impt	erlang:atom_to_binary/1
impt	erlang:byte_size/1
impt	erlang:error/1
impt	erlang:get_module_info/1
impt	erlang:get_module_info/2
impt	erlang:iolist_to_binary/1
impt	json:decode/3
impt	json:encode_binary/1
impt	json:encode_float/1
impt	json:encode_integer/1
impt	json:encode_list/2
disasm	ok
callext	Elixir.Access:get/2	1
callext	Elixir.JSON.DecodeError:exception/1	3
callext	Elixir.JSON.Encoder:encode/2	1
callext	Elixir.JSON.Encoder.Map:encode/2	1
callext	Elixir.Kernel:inspect/1	1
callext	Elixir.Keyword:put_new/3	1
callext	Elixir.Map:new/1	1
callext	Elixir.String.Chars:to_string/1	4
callext	binary:at/2	1
callext	erlang:atom_to_binary/1	1
callext	erlang:error/1	3
callext	erlang:get_module_info/1	1
callext	erlang:get_module_info/2	2
callext	erlang:iolist_to_binary/1	1
callext	json:decode/3	1
callext	json:encode_binary/1	1
callext	json:encode_float/1	1
callext	json:encode_integer/1	1
callext	json:encode_list/2	1
