module	erl_init
instset	0
opcode_max_header	181
walk	ok
op	1	label/1	23
op	2	func_info/3	9
op	3	int_code_end/0	1
op	4	call/2	1
op	5	call_last/3	3
op	6	call_only/2	1
op	7	call_ext/2	11
op	8	call_ext_last/3	1
op	12	allocate/2	7
op	16	test_heap/2	3
op	18	deallocate/1	3
op	19	return/0	4
op	43	is_eq_exact/3	1
op	52	is_nil/2	1
op	56	is_nonempty_list/2	1
op	59	select_val/3	1
op	64	move/2	25
op	65	get_list/3	1
op	74	case_end/1	1
op	78	call_ext_only/2	2
op	113	apply_last/2	1
op	136	trim/2	1
op	153	line/1	25
op	164	put_tuple2/2	1
op	171	make_fun3/3	2
op	178	call_fun2/3	1
impt	erl_tracer:on_load/0
impt	erlang:display/1
impt	erlang:function_exported/3
impt	erlang:get_module_info/1
impt	erlang:get_module_info/2
impt	erlang:halt/1
impt	erlang:loaded/0
impt	erts_internal:erase_persistent_terms/0
impt	prim_buffer:on_load/0
impt	prim_file:on_load/0
impt	prim_net:on_load/0
impt	prim_socket:init/0
impt	prim_socket:on_load/0
impt	zlib:on_load/0
disasm	ok
callext	erl_tracer:on_load/0	1
callext	erlang:display/1	1
callext	erlang:function_exported/3	1
callext	erlang:get_module_info/1	1
callext	erlang:get_module_info/2	1
callext	erlang:halt/1	1
callext	erlang:loaded/0	1
callext	erts_internal:erase_persistent_terms/0	1
callext	prim_buffer:on_load/0	1
callext	prim_file:on_load/0	1
callext	prim_net:on_load/0	1
callext	prim_socket:init/0	1
callext	prim_socket:on_load/0	1
callext	zlib:on_load/0	1
