module	erl_internal
instset	0
opcode_max_header	181
walk	ok
op	1	label/1	139
op	2	func_info/3	28
op	3	int_code_end/0	1
op	4	call/2	21
op	5	call_last/3	2
op	6	call_only/2	8
op	7	call_ext/2	3
op	8	call_ext_last/3	2
op	11	bif2/5	3
op	12	allocate/2	12
op	16	test_heap/2	11
op	18	deallocate/1	10
op	19	return/0	48
op	40	is_ge/3	1
op	43	is_eq_exact/3	29
op	45	is_integer/2	10
op	48	is_atom/2	11
op	52	is_nil/2	3
op	56	is_nonempty_list/2	8
op	57	is_tuple/2	5
op	58	test_arity/3	5
op	59	select_val/3	28
op	61	jump/1	11
op	64	move/2	64
op	65	get_list/3	8
op	66	get_tuple_element/3	12
op	69	put_list/3	22
op	72	badmatch/1	1
op	78	call_ext_only/2	3
op	136	trim/2	2
op	153	line/1	45
op	159	is_tagged_tuple/4	4
op	164	put_tuple2/2	18
op	169	swap/2	3
op	172	init_yregs/1	3
impt	erl_parse:new_anno/1
impt	erlang:++/2
impt	erlang:=:=/2
impt	erlang:error/1
impt	erlang:get_module_info/1
impt	erlang:get_module_info/2
impt	lists:append/1
impt	lists:keyfind/3
disasm	ok
callext	erl_parse:new_anno/1	1
callext	erlang:++/2	2
callext	erlang:error/1	1
callext	erlang:get_module_info/1	1
callext	erlang:get_module_info/2	1
callext	lists:append/1	1
callext	lists:keyfind/3	1
