module	logger_sup
instset	0
opcode_max_header	181
walk	ok
op	1	label/1	8
op	2	func_info/3	4
op	3	int_code_end/0	1
op	7	call_ext/2	1
op	12	allocate/2	1
op	16	test_heap/2	1
op	18	deallocate/1	1
op	19	return/0	1
op	52	is_nil/2	1
op	64	move/2	6
op	69	put_list/3	2
op	78	call_ext_only/2	3
op	153	line/1	6
op	164	put_tuple2/2	2
impt	erlang:get_module_info/1
impt	erlang:get_module_info/2
impt	logger_proxy:child_spec/0
impt	supervisor:start_link/3
disasm	ok
callext	erlang:get_module_info/1	1
callext	erlang:get_module_info/2	1
callext	logger_proxy:child_spec/0	1
callext	supervisor:start_link/3	1
