module	logger_olp
instset	0
opcode_max_header	181
walk	ok
op	1	label/1	196
op	2	func_info/3	46
op	3	int_code_end/0	1
op	4	call/2	37
op	5	call_last/3	18
op	6	call_only/2	16
op	7	call_ext/2	40
op	8	call_ext_last/3	8
op	9	bif0/2	9
op	10	bif1/4	1
op	11	bif2/5	2
op	12	allocate/2	24
op	13	allocate_heap/3	8
op	16	test_heap/2	44
op	18	deallocate/1	33
op	19	return/0	53
op	20	send/0	1
op	21	remove_message/0	4
op	22	timeout/0	1
op	23	loop_rec/2	1
op	24	loop_rec_end/1	1
op	39	is_lt/3	3
op	40	is_ge/3	6
op	43	is_eq_exact/3	27
op	44	is_ne_exact/3	2
op	45	is_integer/2	3
op	52	is_nil/2	1
op	56	is_nonempty_list/2	6
op	57	is_tuple/2	16
op	58	test_arity/3	11
op	59	select_val/3	12
op	60	select_tuple_arity/3	4
op	61	jump/1	9
op	64	move/2	271
op	65	get_list/3	5
op	66	get_tuple_element/3	60
op	69	put_list/3	31
op	72	badmatch/1	3
op	74	case_end/1	5
op	75	call_fun/1	1
op	78	call_ext_only/2	8
op	104	try/2	4
op	105	try_end/1	4
op	106	try_case/1	4
op	108	raise/2	2
op	112	apply/1	1
op	114	is_boolean/2	1
op	115	is_function2/3	1
op	125	gc_bif2/6	7
op	136	trim/2	13
op	153	line/1	143
op	154	put_map_assoc/5	21
op	155	put_map_exact/5	1
op	156	is_map/2	13
op	157	has_map_fields/3	3
op	158	get_map_elements/3	25
op	159	is_tagged_tuple/4	8
op	160	build_stacktrace/0	2
op	162	get_hd/2	1
op	164	put_tuple2/2	44
op	169	swap/2	5
op	171	make_fun3/3	1
op	172	init_yregs/1	21
impt	erlang:*/2
impt	erlang:+/2
impt	erlang:-/2
impt	erlang:>=/2
impt	erlang:apply/3
impt	erlang:element/2
impt	erlang:error/1
impt	erlang:exit/1
impt	erlang:exit/2
impt	erlang:get/1
impt	erlang:get_module_info/1
impt	erlang:get_module_info/2
impt	erlang:list_to_atom/1
impt	erlang:monotonic_time/1
impt	erlang:process_flag/2
impt	erlang:process_info/2
impt	erlang:put/2
impt	erlang:raise/3
impt	erlang:register/2
impt	erlang:self/0
impt	erlang:spawn/1
impt	erlang:unregister/1
impt	erlang:whereis/1
impt	gen_server:call/2
impt	gen_server:cast/2
impt	gen_server:enter_loop/3
impt	lists:concat/1
impt	logger:allow/2
impt	logger_server:do_internal_log/4
impt	maps:merge/2
impt	maps:to_list/1
impt	maps:with/2
impt	persistent_term:get/2
impt	persistent_term:put/2
impt	proc_lib:init_ack/1
impt	proc_lib:init_fail/2
impt	proc_lib:start_link/3
impt	timer:apply_after/4
impt	timer:sleep/1
disasm	ok
callext	erlang:apply/3	1
callext	erlang:error/1	4
callext	erlang:exit/1	1
callext	erlang:exit/2	1
callext	erlang:get_module_info/1	1
callext	erlang:get_module_info/2	1
callext	erlang:list_to_atom/1	2
callext	erlang:monotonic_time/1	4
callext	erlang:process_flag/2	3
callext	erlang:process_info/2	4
callext	erlang:put/2	1
callext	erlang:raise/3	1
callext	erlang:register/2	2
callext	erlang:spawn/1	1
callext	erlang:unregister/1	4
callext	erlang:whereis/1	1
callext	gen_server:call/2	2
callext	gen_server:cast/2	2
callext	gen_server:enter_loop/3	1
callext	lists:concat/1	2
callext	logger:allow/2	1
callext	logger_server:do_internal_log/4	1
callext	maps:merge/2	3
callext	maps:to_list/1	1
callext	maps:with/2	3
callext	persistent_term:get/2	1
callext	persistent_term:put/2	1
callext	proc_lib:init_ack/1	1
callext	proc_lib:init_fail/2	2
callext	proc_lib:start_link/3	1
callext	timer:apply_after/4	1
callext	timer:sleep/1	1
