module	Elixir.Mix.ElixirVersionError
instset	0
opcode_max_header	181
walk	ok
op	1	label/1	37
op	2	func_info/3	10
op	3	int_code_end/0	1
op	6	call_only/2	2
op	7	call_ext/2	7
op	8	call_ext_last/3	1
op	12	allocate/2	2
op	16	test_heap/2	2
op	18	deallocate/1	2
op	19	return/0	10
op	53	is_binary/2	2
op	57	is_tuple/2	2
op	58	test_arity/3	2
op	59	select_val/3	2
op	61	jump/1	4
op	64	move/2	30
op	66	get_tuple_element/3	4
op	74	case_end/1	1
op	78	call_ext_only/2	5
op	153	line/1	17
op	154	put_map_assoc/5	1
op	155	put_map_exact/5	1
op	156	is_map/2	2
op	158	get_map_elements/3	1
op	164	put_tuple2/2	1
op	169	swap/2	1
op	171	make_fun3/3	1
op	172	init_yregs/1	1
op	177	bs_create_bin/6	1
impt	Elixir.Access:get/2
impt	Elixir.Enum:reduce/3
impt	Elixir.Kernel:inspect/1
impt	Elixir.String.Chars:to_string/1
impt	elixir_erl_pass:no_parens_remote/2
impt	erlang:error/1
impt	erlang:get_module_info/1
impt	erlang:get_module_info/2
disasm	ok
callext	Elixir.Access:get/2	3
callext	Elixir.Enum:reduce/3	1
callext	Elixir.Kernel:inspect/1	1
callext	Elixir.String.Chars:to_string/1	2
callext	elixir_erl_pass:no_parens_remote/2	1
callext	erlang:error/1	2
callext	erlang:get_module_info/1	1
callext	erlang:get_module_info/2	2
