module	Elixir.Mix.Tasks.Deps.Update
instset	0
opcode_max_header	181
walk	ok
op	1	label/1	41
op	2	func_info/3	10
op	3	int_code_end/0	1
op	4	call/2	1
op	6	call_only/2	2
op	7	call_ext/2	13
op	8	call_ext_last/3	5
op	12	allocate/2	2
op	13	allocate_heap/3	1
op	16	test_heap/2	3
op	18	deallocate/1	2
op	19	return/0	9
op	52	is_nil/2	1
op	53	is_binary/2	2
op	57	is_tuple/2	3
op	58	test_arity/3	3
op	59	select_val/3	4
op	61	jump/1	2
op	64	move/2	39
op	66	get_tuple_element/3	6
op	69	put_list/3	1
op	72	badmatch/1	2
op	78	call_ext_only/2	5
op	136	trim/2	3
op	153	line/1	28
op	164	put_tuple2/2	1
op	169	swap/2	2
op	171	make_fun3/3	3
op	172	init_yregs/1	3
op	177	bs_create_bin/6	1
impt	Elixir.Access:get/2
impt	Elixir.Enum:__in__/2
impt	Elixir.Enum:map/2
impt	Elixir.Enum:reduce/3
impt	Elixir.Map:split/2
impt	Elixir.Mix:raise/1
impt	Elixir.Mix.Dep.Fetcher:all/3
impt	Elixir.Mix.Dep.Fetcher:by_name/4
impt	Elixir.Mix.Dep.Lock:read/0
impt	Elixir.Mix.Project:get!/0
impt	Elixir.Mix.Project:with_deps_lock/1
impt	Elixir.Mix.Task:run/2
impt	Elixir.OptionParser:parse/2
impt	Elixir.String.Chars:to_string/1
impt	erlang:binary_to_atom/1
impt	erlang:binary_to_atom/2
impt	erlang:error/1
impt	erlang:get_module_info/1
impt	erlang:get_module_info/2
impt	lists:reverse/1
disasm	ok
callext	Elixir.Access:get/2	2
callext	Elixir.Enum:__in__/2	1
callext	Elixir.Enum:map/2	1
callext	Elixir.Enum:reduce/3	1
callext	Elixir.Map:split/2	1
callext	Elixir.Mix:raise/1	1
callext	Elixir.Mix.Dep.Fetcher:all/3	1
callext	Elixir.Mix.Dep.Fetcher:by_name/4	1
callext	Elixir.Mix.Dep.Lock:read/0	2
callext	Elixir.Mix.Project:get!/0	1
callext	Elixir.Mix.Project:with_deps_lock/1	1
callext	Elixir.Mix.Task:run/2	1
callext	Elixir.OptionParser:parse/2	1
callext	Elixir.String.Chars:to_string/1	1
callext	erlang:binary_to_atom/1	1
callext	erlang:binary_to_atom/2	1
callext	erlang:error/1	1
callext	erlang:get_module_info/1	1
callext	erlang:get_module_info/2	2
callext	lists:reverse/1	1
