module	Elixir.Mix.Sync.Lock
instset	0
opcode_max_header	182
walk	ok
op	1	label/1	179
op	2	func_info/3	33
op	3	int_code_end/0	1
op	4	call/2	28
op	5	call_last/3	6
op	6	call_only/2	4
op	7	call_ext/2	69
op	8	call_ext_last/3	14
op	11	bif2/5	1
op	12	allocate/2	24
op	16	test_heap/2	17
op	18	deallocate/1	36
op	19	return/0	44
op	40	is_ge/3	1
op	43	is_eq_exact/3	19
op	44	is_ne_exact/3	3
op	53	is_binary/2	5
op	57	is_tuple/2	15
op	58	test_arity/3	12
op	59	select_val/3	18
op	60	select_tuple_arity/3	3
op	61	jump/1	11
op	64	move/2	231
op	66	get_tuple_element/3	45
op	69	put_list/3	3
op	72	badmatch/1	5
op	74	case_end/1	17
op	75	call_fun/1	3
op	78	call_ext_only/2	4
op	104	try/2	4
op	105	try_end/1	4
op	106	try_case/1	4
op	108	raise/2	4
op	119	bs_get_binary2/7	2
op	120	bs_skip_bits2/5	1
op	124	gc_bif1/5	3
op	125	gc_bif2/6	5
op	136	trim/2	20
op	153	line/1	147
op	154	put_map_assoc/5	2
op	156	is_map/2	3
op	158	get_map_elements/3	3
op	159	is_tagged_tuple/4	7
op	160	build_stacktrace/0	1
op	164	put_tuple2/2	13
op	165	bs_get_tail/3	4
op	166	bs_start_match3/4	5
op	167	bs_get_position/3	4
op	168	bs_set_position/2	4
op	169	swap/2	2
op	171	make_fun3/3	3
op	172	init_yregs/1	32
op	177	bs_create_bin/6	10
op	182	bs_match/3	7
impt	Elixir.Access:get/2
impt	Elixir.Base:url_encode64/2
impt	Elixir.Enum:reduce/3
impt	Elixir.Exception:normalize/3
impt	Elixir.File:close/1
impt	Elixir.File:ln/2
impt	Elixir.File:ls!/1
impt	Elixir.File:mkdir_p!/1
impt	Elixir.File:open!/2
impt	Elixir.File:read/1
impt	Elixir.File:rm/1
impt	Elixir.File:write!/3
impt	Elixir.File.Error:exception/1
impt	Elixir.Kernel:inspect/1
impt	Elixir.Kernel.Utils:raise/1
impt	Elixir.Keyword:validate!/2
impt	Elixir.Mix:raise/1
impt	Elixir.Mix.Utils:detect_user_id!/0
impt	Elixir.Path:join/2
impt	Elixir.Process:delete/1
impt	Elixir.Process:get/2
impt	Elixir.Process:put/2
impt	Elixir.RuntimeError:exception/1
impt	Elixir.String.Chars:to_string/1
impt	Elixir.System:get_env/1
impt	Elixir.System:pid/0
impt	Elixir.System:tmp_dir!/0
impt	binary:copy/2
impt	elixir_erl_pass:no_parens_remote/2
impt	erlang:+/2
impt	erlang:-/2
impt	erlang:=:=/2
impt	erlang:byte_size/1
impt	erlang:div/2
impt	erlang:error/1
impt	erlang:error/3
impt	erlang:get_module_info/1
impt	erlang:get_module_info/2
impt	erlang:md5/1
impt	erlang:raise/3
impt	erlang:spawn_link/1
impt	file:format_error/1
impt	file:pwrite/3
impt	file:read/2
impt	gen_tcp:accept/1
impt	gen_tcp:close/1
impt	gen_tcp:connect/3
impt	gen_tcp:listen/2
impt	gen_tcp:recv/3
impt	gen_tcp:send/2
impt	inet:port/1
impt	lists:reverse/1
disasm	ok
callext	Elixir.Access:get/2	1
callext	Elixir.Base:url_encode64/2	1
callext	Elixir.Enum:reduce/3	2
callext	Elixir.Exception:normalize/3	1
callext	Elixir.File:close/1	2
callext	Elixir.File:ln/2	1
callext	Elixir.File:ls!/1	1
callext	Elixir.File:mkdir_p!/1	1
callext	Elixir.File:open!/2	1
callext	Elixir.File:read/1	1
callext	Elixir.File:rm/1	2
callext	Elixir.File:write!/3	1
callext	Elixir.File.Error:exception/1	2
callext	Elixir.Kernel:inspect/1	4
callext	Elixir.Kernel.Utils:raise/1	1
callext	Elixir.Keyword:validate!/2	1
callext	Elixir.Mix:raise/1	3
callext	Elixir.Mix.Utils:detect_user_id!/0	1
callext	Elixir.Path:join/2	8
callext	Elixir.Process:delete/1	2
callext	Elixir.Process:get/2	1
callext	Elixir.Process:put/2	1
callext	Elixir.RuntimeError:exception/1	2
callext	Elixir.String.Chars:to_string/1	6
callext	Elixir.System:get_env/1	1
callext	Elixir.System:pid/0	1
callext	Elixir.System:tmp_dir!/0	1
callext	binary:copy/2	1
callext	elixir_erl_pass:no_parens_remote/2	3
callext	erlang:error/1	7
callext	erlang:error/3	1
callext	erlang:get_module_info/1	1
callext	erlang:get_module_info/2	2
callext	erlang:md5/1	1
callext	erlang:raise/3	1
callext	erlang:spawn_link/1	1
callext	file:format_error/1	1
callext	file:pwrite/3	1
callext	file:read/2	1
callext	gen_tcp:accept/1	1
callext	gen_tcp:close/1	8
callext	gen_tcp:connect/3	1
callext	gen_tcp:listen/2	2
callext	gen_tcp:recv/3	1
callext	gen_tcp:send/2	1
callext	inet:port/1	1
callext	lists:reverse/1	1
