module	wport9_conformance
instset	0
opcode_max_header	181
walk	ok
op	1	label/1	56
op	2	func_info/3	15
op	3	int_code_end/0	1
op	7	call_ext/2	16
op	9	bif0/2	4
op	11	bif2/5	1
op	12	allocate/2	9
op	13	allocate_heap/3	2
op	16	test_heap/2	1
op	18	deallocate/1	13
op	19	return/0	14
op	20	send/0	1
op	21	remove_message/0	5
op	22	timeout/0	2
op	23	loop_rec/2	5
op	24	loop_rec_end/1	5
op	25	wait/1	3
op	26	wait_timeout/2	2
op	43	is_eq_exact/3	8
op	57	is_tuple/2	1
op	58	test_arity/3	1
op	61	jump/1	1
op	62	catch/2	1
op	63	catch_end/1	1
op	64	move/2	34
op	66	get_tuple_element/3	7
op	69	put_list/3	1
op	72	badmatch/1	8
op	78	call_ext_only/2	3
op	125	gc_bif2/6	1
op	136	trim/2	1
op	153	line/1	38
op	154	put_map_assoc/5	8
op	156	is_map/2	1
op	158	get_map_elements/3	1
op	159	is_tagged_tuple/4	7
op	164	put_tuple2/2	1
op	169	swap/2	1
op	171	make_fun3/3	1
op	172	init_yregs/1	4
impt	erlang:+/2
impt	erlang:</2
impt	erlang:cancel_timer/1
impt	erlang:get_module_info/1
impt	erlang:get_module_info/2
impt	erlang:self/0
impt	erlang:send_after/3
impt	erlang:spawn/3
impt	erlang:statistics/1
impt	io:put_chars/1
impt	maps:fold/3
impt	maps:from_list/1
impt	maps:keys/1
impt	wasm_fetch:request/1
impt	wasm_kv:delete/1
impt	wasm_kv:get/1
impt	wasm_kv:list_by_prefix/1
impt	wasm_kv:put/2
impt	wport9_missing_module:missing_fn/0
disasm	ok
callext	erlang:cancel_timer/1	1
callext	erlang:get_module_info/1	1
callext	erlang:get_module_info/2	1
callext	erlang:send_after/3	2
callext	erlang:spawn/3	1
callext	erlang:statistics/1	1
callext	io:put_chars/1	2
callext	maps:fold/3	1
callext	maps:from_list/1	1
callext	maps:keys/1	1
callext	wasm_fetch:request/1	1
callext	wasm_kv:delete/1	1
callext	wasm_kv:get/1	2
callext	wasm_kv:list_by_prefix/1	1
callext	wasm_kv:put/2	1
callext	wport9_missing_module:missing_fn/0	1
